"h_score","k"
"0.759796873043","5"
"0.719804370377","6"
"0.7693206725","8"
"0.862537335609","10"
"0.710532514808","7"
"0.873197837923","9"
"0.867107179029","12"
"0.814489372029","11"
"0.896747345178","13"
"0.843183635963","14"
"0.899715734008","15"
"h_score","k"
"0.926574830694","17"
"0.889476192026","19"
"0.892945473291","18"
"0.890775278736","20"
"0.920162456784","21"
"0.918469789699","22"
"0.888215254692","23"
"0.917856799803","24"
"0.869174825277","25"
